UO;Gruppo;Nome;Cognome;email;pwd;Sam;Ruolo
IT;Sviluppo;Giuseppe;Bianchi;gb@dom01.it;1YPnA*FvPp#2an;gb;Sviluppatore
IT;Sviluppo;Andrea;Rossi;ar@dom01.it;1YPnA*FvPp#2an;ar;Sviluppatore
IT;Sistemi;Franca;Valeri;fv@dom01.it;1YPnA*FvPp#2an;fv;Sistemista
IT;Sistemi;Alessio;Roy;ay@dom01.it;1YPnA*FvPp#2an;ay;Sistemista
Amministrazione;Contabilita;Francesca;Rivera;fr@dom01.it;1YPnA*FvPp#2an;fr;Contabile
Amministrazione;Paghe;Alina;Verdi;av@dom01.it;1YPnA*FvPp#2an;av;Amministrativo
Amministrazione;Bilancio;Andrea;Giorgione;ag@dom01.it;1YPnA*FvPp#2an;ag;Amministrativo
Direzione;DG;Il;Boss;ib@dom01.it;1YPnA*FvPp#2an;ib;Direttore
Direzione;Segreteria;Anna;Bianconi;anna.bianconi@dom01.it;1YPnA*FvPp#2an;ab;Segretaria
